{
    "name": "root",
    "metadata": {
        "timer_format_version": "0.1.0",
        "start_time_seconds": "1617496465",
        "python_version": "3.8.5 (default, Sep  3 2020, 21:29:08) [MSC v.1916 64 bit (AMD64)]",
        "command_line_arguments": "C:\\Users\\capstone\\.conda\\envs\\ml-agents-node\\Scripts\\mlagents-learn ./trainer_config.yaml --run-id node_009 --resume",
        "mlagents_version": "0.23.0",
        "mlagents_envs_version": "0.23.0",
        "communication_protocol_version": "1.3.0",
        "pytorch_version": "1.7.1",
        "numpy_version": "1.19.2",
        "end_time_seconds": "1617496584"
    },
    "total": 118.803411,
    "count": 1,
    "self": 0.007593799999995099,
    "children": {
        "run_training.setup": {
            "total": 0.00625830000000005,
            "count": 1,
            "self": 0.00625830000000005
        },
        "TrainerController.start_learning": {
            "total": 118.7895589,
            "count": 1,
            "self": 1.0613425999999748,
            "children": {
                "TrainerController._reset_env": {
                    "total": 6.3065502,
                    "count": 1,
                    "self": 6.3065502
                },
                "TrainerController.advance": {
                    "total": 107.24741980000002,
                    "count": 2330,
                    "self": 0.026703700000297204,
                    "children": {
                        "env_step": {
                            "total": 107.22071609999972,
                            "count": 2330,
                            "self": 42.0493931999999,
                            "children": {
                                "SubprocessEnvManager._take_step": {
                                    "total": 65.14071999999983,
                                    "count": 2330,
                                    "self": 0.13012689999972338,
                                    "children": {
                                        "TorchPolicy.evaluate": {
                                            "total": 65.01059310000011,
                                            "count": 2306,
                                            "self": 1.5955660000001401,
                                            "children": {
                                                "TorchPolicy.sample_actions": {
                                                    "total": 63.41502709999997,
                                                    "count": 2306,
                                                    "self": 63.41502709999997
                                                }
                                            }
                                        }
                                    }
                                },
                                "workers": {
                                    "total": 0.030602899999985667,
                                    "count": 2329,
                                    "self": 0.0,
                                    "children": {
                                        "worker_root": {
                                            "total": 107.90570960000008,
                                            "count": 2329,
                                            "is_parallel": true,
                                            "self": 69.38778229999991,
                                            "children": {
                                                "steps_from_proto": {
                                                    "total": 0.0004717000000002969,
                                                    "count": 1,
                                                    "is_parallel": true,
                                                    "self": 0.0002927000000010338,
                                                    "children": {
                                                        "_process_vector_observation": {
                                                            "total": 0.00017899999999926308,
                                                            "count": 2,
                                                            "is_parallel": true,
                                                            "self": 0.00017899999999926308
                                                        }
                                                    }
                                                },
                                                "UnityEnvironment.step": {
                                                    "total": 38.51745560000016,
                                                    "count": 2329,
                                                    "is_parallel": true,
                                                    "self": 0.22414469999952757,
                                                    "children": {
                                                        "UnityEnvironment._generate_step_input": {
                                                            "total": 0.6867938999999899,
                                                            "count": 2329,
                                                            "is_parallel": true,
                                                            "self": 0.6867938999999899
                                                        },
                                                        "communicator.exchange": {
                                                            "total": 36.49429720000001,
                                                            "count": 2329,
                                                            "is_parallel": true,
                                                            "self": 36.49429720000001
                                                        },
                                                        "steps_from_proto": {
                                                            "total": 1.1122198000006334,
                                                            "count": 4658,
                                                            "is_parallel": true,
                                                            "self": 0.8136951000006558,
                                                            "children": {
                                                                "_process_vector_observation": {
                                                                    "total": 0.29852469999997755,
                                                                    "count": 9316,
                                                                    "is_parallel": true,
                                                                    "self": 0.29852469999997755
                                                                }
                                                            }
                                                        }
                                                    }
                                                }
                                            }
                                        }
                                    }
                                }
                            }
                        }
                    }
                },
                "trainer_threads": {
                    "total": 1.9100000002936213e-05,
                    "count": 1,
                    "self": 1.9100000002936213e-05,
                    "children": {
                        "thread_root": {
                            "total": 0.0,
                            "count": 0,
                            "is_parallel": true,
                            "self": 0.0,
                            "children": {
                                "trainer_advance": {
                                    "total": 44.4106031,