{
    "name": "root",
    "metadata": {
        "timer_format_version": "0.1.0",
        "start_time_seconds": "1618361242",
        "python_version": "3.8.5 (default, Sep  3 2020, 21:29:08) [MSC v.1916 64 bit (AMD64)]",
        "command_line_arguments": "C:\\Users\\capstone\\.conda\\envs\\ml-agents-node\\Scripts\\mlagents-learn ./trainer_config.yaml --run-id node_009 --resume",
        "mlagents_version": "0.23.0",
        "mlagents_envs_version": "0.23.0",
        "communication_protocol_version": "1.3.0",
        "pytorch_version": "1.7.1",
        "numpy_version": "1.19.2",
        "end_time_seconds": "1618361368"
    },
    "total": 126.18538749999999,
    "count": 1,
    "self": 0.005818499999989513,
    "children": {
        "run_training.setup": {
            "total": 0.00610860000000002,
            "count": 1,
            "self": 0.00610860000000002
        },
        "TrainerController.start_learning": {
            "total": 126.1734604,
            "count": 1,
            "self": 1.061974100000242,
            "children": {
                "TrainerController._reset_env": {
                    "total": 9.5840303,
                    "count": 2,
                    "self": 9.5840303
                },
                "TrainerController.advance": {
                    "total": 110.82791469999975,
                    "count": 2415,
                    "self": 0.02707869999917989,
                    "children": {
                        "env_step": {
                            "total": 110.80083600000057,
                            "count": 2415,
                            "self": 42.231822000000605,
                            "children": {
                                "SubprocessEnvManager._take_step": {
                                    "total": 68.53851579999989,
                                    "count": 2415,
                                    "self": 0.13208079999961342,
                                    "children": {
                                        "TorchPolicy.evaluate": {
                                            "total": 68.40643500000027,
                                            "count": 2391,
                                            "self": 1.6478758000002642,
                                            "children": {
                                                "TorchPolicy.sample_actions": {
                                                    "total": 66.75855920000001,
                                                    "count": 2391,
                                                    "self": 66.75855920000001
                                                }
                                            }
                                        }
                                    }
                                },
                                "workers": {
                                    "total": 0.03049820000008374,
                                    "count": 2414,
                                    "self": 0.0,
                                    "children": {
                                        "worker_root": {
                                            "total": 111.85080090000032,
                                            "count": 2414,
                                            "is_parallel": true,
                                            "self": 73.5536814000003,
                                            "children": {
                                                "steps_from_proto": {
                                                    "total": 0.0007768999999981929,
                                                    "count": 3,
                                                    "is_parallel": true,
                                                    "self": 0.0003962000000008459,
                                                    "children": {
                                                        "_process_vector_observation": {
                                                            "total": 0.00038069999999734705,
                                                            "count": 6,
                                                            "is_parallel": true,
                                                            "self": 0.00038069999999734705
                                                        }
                                                    }
                                                },
                                                "UnityEnvironment.step": {
                                                    "total": 38.296342600000024,
                                                    "count": 2414,
                                                    "is_parallel": true,
                                                    "self": 0.24104599999990484,
                                                    "children": {
                                                        "UnityEnvironment._generate_step_input": {
                                                            "total": 0.7372343999999948,
                                                            "count": 2414,
                                                            "is_parallel": true,
                                                            "self": 0.7372343999999948
                                                        },
                                                        "communicator.exchange": {
                                                            "total": 36.120105500000086,
                                                            "count": 2414,
                                                            "is_parallel": true,
                                                            "self": 36.120105500000086
                                                        },
                                                        "steps_from_proto": {
                                                            "total": 1.197956700000038,
                                                            "count": 4828,
                                                            "is_parallel": true,
                                                            "self": 0.8766513000004412,
                                                            "children": {
                                                                "_process_vector_observation": {
                                                                    "total": 0.32130539999959673,
                                                                    "count": 9656,
                                                                    "is_parallel": true,
                                                                    "self": 0.32130539999959673
                                                                }
                                                            }
                                                        }
                                                    }
                                                }
                                            }
                                        }
                                    }
                                }
                            }
                        }
                    }
                },
                "trainer_threads": {
                    "total": 2.1900000007235576e-05,
                    "count": 1,
                    "self": 2.1900000007235576e-05,
                    "children": {
                        "thread_root": {
                            "total": 0.0,
                            "count": 0,
                            "is_parallel": true,
                            "self": 0.0,
                            "children": {
                                "trainer_advance": {
                                    "total": 45.12408190000001,