{
    "name": "root",
    "metadata": {
        "timer_format_version": "0.1.0",
        "start_time_seconds": "1617584008",
        "python_version": "3.8.5 (default, Sep  3 2020, 21:29:08) [MSC v.1916 64 bit (AMD64)]",
        "command_line_arguments": "C:\\Users\\capstone\\.conda\\envs\\ml-agents-node\\Scripts\\mlagents-learn ./trainer_config.yaml --run-id node_009 --resume",
        "mlagents_version": "0.23.0",
        "mlagents_envs_version": "0.23.0",
        "communication_protocol_version": "1.3.0",
        "pytorch_version": "1.7.1",
        "numpy_version": "1.19.2",
        "end_time_seconds": "1617584084"
    },
    "total": 76.05377349999999,
    "count": 1,
    "self": 0.010797199999984741,
    "children": {
        "run_training.setup": {
            "total": 0.0069606000000002055,
            "count": 1,
            "self": 0.0069606000000002055
        },
        "TrainerController.start_learning": {
            "total": 76.03601570000001,
            "count": 1,
            "self": 1.03440310000029,
            "children": {
                "TrainerController._reset_env": {
                    "total": 5.8769446,
                    "count": 1,
                    "self": 5.8769446
                },
                "TrainerController.advance": {
                    "total": 65.04020989999971,
                    "count": 1421,
                    "self": 0.01627089999982445,
                    "children": {
                        "env_step": {
                            "total": 65.02393899999988,
                            "count": 1421,
                            "self": 25.130907700000343,
                            "children": {
                                "SubprocessEnvManager._take_step": {
                                    "total": 39.875074899999746,
                                    "count": 1421,
                                    "self": 0.07429239999952841,
                                    "children": {
                                        "TorchPolicy.evaluate": {
                                            "total": 39.80078250000022,
                                            "count": 1406,
                                            "self": 0.9451620000000602,
                                            "children": {
                                                "TorchPolicy.sample_actions": {
                                                    "total": 38.85562050000016,
                                                    "count": 1406,
                                                    "self": 38.85562050000016
                                                }
                                            }
                                        }
                                    }
                                },
                                "workers": {
                                    "total": 0.0179563999997967,
                                    "count": 1420,
                                    "self": 0.0,
                                    "children": {
                                        "worker_root": {
                                            "total": 65.68796730000011,
                                            "count": 1420,
                                            "is_parallel": true,
                                            "self": 42.99410080000021,
                                            "children": {
                                                "steps_from_proto": {
                                                    "total": 0.0004185000000003214,
                                                    "count": 1,
                                                    "is_parallel": true,
                                                    "self": 0.00027519999999991995,
                                                    "children": {
                                                        "_process_vector_observation": {
                                                            "total": 0.00014330000000040144,
                                                            "count": 2,
                                                            "is_parallel": true,
                                                            "self": 0.00014330000000040144
                                                        }
                                                    }
                                                },
                                                "UnityEnvironment.step": {
                                                    "total": 22.6934479999999,
                                                    "count": 1420,
                                                    "is_parallel": true,
                                                    "self": 0.13528240000004033,
                                                    "children": {
                                                        "UnityEnvironment._generate_step_input": {
                                                            "total": 0.40721050000014447,
                                                            "count": 1420,
                                                            "is_parallel": true,
                                                            "self": 0.40721050000014447
                                                        },
                                                        "communicator.exchange": {
                                                            "total": 21.484227299999837,
                                                            "count": 1420,
                                                            "is_parallel": true,
                                                            "self": 21.484227299999837
                                                        },
                                                        "steps_from_proto": {
                                                            "total": 0.6667277999998795,
                                                            "count": 2840,
                                                            "is_parallel": true,
                                                            "self": 0.4881786999999784,
                                                            "children": {
                                                                "_process_vector_observation": {
                                                                    "total": 0.1785490999999011,
                                                                    "count": 5680,
                                                                    "is_parallel": true,
                                                                    "self": 0.1785490999999011
                                                                }
                                                            }
                                                        }
                                                    }
                                                }
                                            }
                                        }
                                    }
                                }
                            }
                        }
                    }
                },
                "trainer_threads": {
                    "total": 2.0599999999149077e-05,
                    "count": 1,
                    "self": 2.0599999999149077e-05,
                    "children": {
                        "thread_root": {
                            "total": 0.0,
                            "count": 0,
                            "is_parallel": true,
                            "self": 0.0,
                            "children": {
                                "trainer_advance": {
                                    "total": 43.30008259999998,