{
    "name": "root",
    "metadata": {
        "timer_format_version": "0.1.0",
        "start_time_seconds": "1617242786",
        "python_version": "3.8.5 (default, Sep  3 2020, 21:29:08) [MSC v.1916 64 bit (AMD64)]",
        "command_line_arguments": "C:\\Users\\capstone\\.conda\\envs\\ml-agents-node\\Scripts\\mlagents-learn ./trainer_config.yaml --run-id node_009 --resume",
        "mlagents_version": "0.23.0",
        "mlagents_envs_version": "0.23.0",
        "communication_protocol_version": "1.3.0",
        "pytorch_version": "1.7.1",
        "numpy_version": "1.19.2",
        "end_time_seconds": "1617242948"
    },
    "total": 162.33527339999998,
    "count": 1,
    "self": 0.0061292000000037206,
    "children": {
        "run_training.setup": {
            "total": 0.006201699999999977,
            "count": 1,
            "self": 0.006201699999999977
        },
        "TrainerController.start_learning": {
            "total": 162.32294249999998,
            "count": 1,
            "self": 1.0777279000000703,
            "children": {
                "TrainerController._reset_env": {
                    "total": 5.7084226000000005,
                    "count": 1,
                    "self": 5.7084226000000005
                },
                "TrainerController.advance": {
                    "total": 151.64286729999992,
                    "count": 2807,
                    "self": 0.0335606999999527,
                    "children": {
                        "env_step": {
                            "total": 151.60930659999997,
                            "count": 2807,
                            "self": 58.34699549999961,
                            "children": {
                                "SubprocessEnvManager._take_step": {
                                    "total": 93.22259210000006,
                                    "count": 2807,
                                    "self": 0.1819695000003918,
                                    "children": {
                                        "TorchPolicy.evaluate": {
                                            "total": 93.04062259999966,
                                            "count": 2770,
                                            "self": 2.0828311999992764,
                                            "children": {
                                                "TorchPolicy.sample_actions": {
                                                    "total": 90.95779140000039,
                                                    "count": 2770,
                                                    "self": 90.95779140000039
                                                }
                                            }
                                        }
                                    }
                                },
                                "workers": {
                                    "total": 0.03971900000030271,
                                    "count": 2806,
                                    "self": 0.0,
                                    "children": {
                                        "worker_root": {
                                            "total": 152.2139970000003,
                                            "count": 2806,
                                            "is_parallel": true,
                                            "self": 98.17315970000047,
                                            "children": {
                                                "steps_from_proto": {
                                                    "total": 0.0004160999999998083,
                                                    "count": 1,
                                                    "is_parallel": true,
                                                    "self": 0.0002768999999993582,
                                                    "children": {
                                                        "_process_vector_observation": {
                                                            "total": 0.00013920000000045007,
                                                            "count": 2,
                                                            "is_parallel": true,
                                                            "self": 0.00013920000000045007
                                                        }
                                                    }
                                                },
                                                "UnityEnvironment.step": {
                                                    "total": 54.04042119999982,
                                                    "count": 2806,
                                                    "is_parallel": true,
                                                    "self": 0.3038098000005789,
                                                    "children": {
                                                        "UnityEnvironment._generate_step_input": {
                                                            "total": 0.9661969999992817,
                                                            "count": 2806,
                                                            "is_parallel": true,
                                                            "self": 0.9661969999992817
                                                        },
                                                        "communicator.exchange": {
                                                            "total": 51.218535500000115,
                                                            "count": 2806,
                                                            "is_parallel": true,
                                                            "self": 51.218535500000115
                                                        },
                                                        "steps_from_proto": {
                                                            "total": 1.551878899999843,
                                                            "count": 5612,
                                                            "is_parallel": true,
                                                            "self": 1.146016599999621,
                                                            "children": {
                                                                "_process_vector_observation": {
                                                                    "total": 0.40586230000022194,
                                                                    "count": 11224,
                                                                    "is_parallel": true,
                                                                    "self": 0.40586230000022194
                                                                }
                                                            }
                                                        }
                                                    }
                                                }
                                            }
                                        }
                                    }
                                }
                            }
                        }
                    }
                },
                "trainer_threads": {
                    "total": 3.229999998666244e-05,
                    "count": 1,
                    "self": 3.229999998666244e-05,
                    "children": {
                        "thread_root": {
                            "total": 0.0,
                            "count": 0,
                            "is_parallel": true,
                            "self": 0.0,
                            "children": {
                                "trainer_advance": {
                                    "total": 115.402938,