{
    "name": "root",
    "metadata": {
        "timer_format_version": "0.1.0",
        "start_time_seconds": "1617736054",
        "python_version": "3.8.5 (default, Sep  3 2020, 21:29:08) [MSC v.1916 64 bit (AMD64)]",
        "command_line_arguments": "C:\\Users\\capstone\\.conda\\envs\\ml-agents-node\\Scripts\\mlagents-learn ./trainer_config.yaml --run-id node_009 --resume",
        "mlagents_version": "0.23.0",
        "mlagents_envs_version": "0.23.0",
        "communication_protocol_version": "1.3.0",
        "pytorch_version": "1.7.1",
        "numpy_version": "1.19.2",
        "end_time_seconds": "1617736163"
    },
    "total": 109.6061625,
    "count": 1,
    "self": 0.0059976000000006024,
    "children": {
        "run_training.setup": {
            "total": 0.00743870000000002,
            "count": 1,
            "self": 0.00743870000000002
        },
        "TrainerController.start_learning": {
            "total": 109.5927262,
            "count": 1,
            "self": 1.0509012999999499,
            "children": {
                "TrainerController._reset_env": {
                    "total": 5.4741257,
                    "count": 1,
                    "self": 5.4741257
                },
                "TrainerController.advance": {
                    "total": 98.92980970000005,
                    "count": 2098,
                    "self": 0.02475469999995994,
                    "children": {
                        "env_step": {
                            "total": 98.90505500000009,
                            "count": 2098,
                            "self": 37.76449960000009,
                            "children": {
                                "SubprocessEnvManager._take_step": {
                                    "total": 61.11262919999978,
                                    "count": 2098,
                                    "self": 0.12924899999964623,
                                    "children": {
                                        "TorchPolicy.evaluate": {
                                            "total": 60.983380200000134,
                                            "count": 2077,
                                            "self": 1.4798215000003694,
                                            "children": {
                                                "TorchPolicy.sample_actions": {
                                                    "total": 59.503558699999765,
                                                    "count": 2077,
                                                    "self": 59.503558699999765
                                                }
                                            }
                                        }
                                    }
                                },
                                "workers": {
                                    "total": 0.027926200000216284,
                                    "count": 2097,
                                    "self": 0.0,
                                    "children": {
                                        "worker_root": {
                                            "total": 99.59644850000018,
                                            "count": 2097,
                                            "is_parallel": true,
                                            "self": 65.17984110000009,
                                            "children": {
                                                "steps_from_proto": {
                                                    "total": 0.00046850000000020486,
                                                    "count": 1,
                                                    "is_parallel": true,
                                                    "self": 0.0002832000000010382,
                                                    "children": {
                                                        "_process_vector_observation": {
                                                            "total": 0.0001852999999991667,
                                                            "count": 2,
                                                            "is_parallel": true,
                                                            "self": 0.0001852999999991667
                                                        }
                                                    }
                                                },
                                                "UnityEnvironment.step": {
                                                    "total": 34.416138900000085,
                                                    "count": 2097,
                                                    "is_parallel": true,
                                                    "self": 0.2110536000007599,
                                                    "children": {
                                                        "UnityEnvironment._generate_step_input": {
                                                            "total": 0.6415085999999706,
                                                            "count": 2097,
                                                            "is_parallel": true,
                                                            "self": 0.6415085999999706
                                                        },
                                                        "communicator.exchange": {
                                                            "total": 32.507550200000125,
                                                            "count": 2097,
                                                            "is_parallel": true,
                                                            "self": 32.507550200000125
                                                        },
                                                        "steps_from_proto": {
                                                            "total": 1.0560264999992297,
                                                            "count": 4194,
                                                            "is_parallel": true,
                                                            "self": 0.7733743999991392,
                                                            "children": {
                                                                "_process_vector_observation": {
                                                                    "total": 0.28265210000009056,
                                                                    "count": 8388,
                                                                    "is_parallel": true,
                                                                    "self": 0.28265210000009056
                                                                }
                                                            }
                                                        }
                                                    }
                                                }
                                            }
                                        }
                                    }
                                }
                            }
                        }
                    }
                },
                "trainer_threads": {
                    "total": 2.209999999536194e-05,
                    "count": 1,
                    "self": 2.209999999536194e-05,
                    "children": {
                        "thread_root": {
                            "total": 0.0,
                            "count": 0,
                            "is_parallel": true,
                            "self": 0.0,
                            "children": {
                                "trainer_advance": {
                                    "total": 45.27366620000002,