{
    "name": "root",
    "metadata": {
        "timer_format_version": "0.1.0",
        "start_time_seconds": "1618461311",
        "python_version": "3.8.5 (default, Sep  3 2020, 21:29:08) [MSC v.1916 64 bit (AMD64)]",
        "command_line_arguments": "C:\\Users\\capstone\\.conda\\envs\\ml-agents-node\\Scripts\\mlagents-learn ./trainer_config.yaml --run-id node_009 --resume",
        "mlagents_version": "0.23.0",
        "mlagents_envs_version": "0.23.0",
        "communication_protocol_version": "1.3.0",
        "pytorch_version": "1.7.1",
        "numpy_version": "1.19.2",
        "end_time_seconds": "1618461397"
    },
    "total": 86.23913189999999,
    "count": 1,
    "self": 0.005545399999988376,
    "children": {
        "run_training.setup": {
            "total": 0.006181199999999998,
            "count": 1,
            "self": 0.006181199999999998
        },
        "TrainerController.start_learning": {
            "total": 86.2274053,
            "count": 1,
            "self": 1.0408439000000556,
            "children": {
                "TrainerController._reset_env": {
                    "total": 6.668218499999998,
                    "count": 2,
                    "self": 6.668218499999998
                },
                "TrainerController.advance": {
                    "total": 73.74426799999995,
                    "count": 1621,
                    "self": 0.019798099999633223,
                    "children": {
                        "env_step": {
                            "total": 73.72446990000032,
                            "count": 1621,
                            "self": 27.149858300000318,
                            "children": {
                                "SubprocessEnvManager._take_step": {
                                    "total": 46.55366289999982,
                                    "count": 1621,
                                    "self": 0.09119559999991367,
                                    "children": {
                                        "TorchPolicy.evaluate": {
                                            "total": 46.46246729999991,
                                            "count": 1604,
                                            "self": 1.1412324000002343,
                                            "children": {
                                                "TorchPolicy.sample_actions": {
                                                    "total": 45.32123489999967,
                                                    "count": 1604,
                                                    "self": 45.32123489999967
                                                }
                                            }
                                        }
                                    }
                                },
                                "workers": {
                                    "total": 0.020948700000174014,
                                    "count": 1620,
                                    "self": 0.0,
                                    "children": {
                                        "worker_root": {
                                            "total": 74.91383899999992,
                                            "count": 1620,
                                            "is_parallel": true,
                                            "self": 50.734504999999665,
                                            "children": {
                                                "steps_from_proto": {
                                                    "total": 0.0007318999999998965,
                                                    "count": 3,
                                                    "is_parallel": true,
                                                    "self": 0.00037109999999973553,
                                                    "children": {
                                                        "_process_vector_observation": {
                                                            "total": 0.000360800000000161,
                                                            "count": 6,
                                                            "is_parallel": true,
                                                            "self": 0.000360800000000161
                                                        }
                                                    }
                                                },
                                                "UnityEnvironment.step": {
                                                    "total": 24.178602100000262,
                                                    "count": 1620,
                                                    "is_parallel": true,
                                                    "self": 0.15838570000051533,
                                                    "children": {
                                                        "UnityEnvironment._generate_step_input": {
                                                            "total": 0.48741420000010294,
                                                            "count": 1620,
                                                            "is_parallel": true,
                                                            "self": 0.48741420000010294
                                                        },
                                                        "communicator.exchange": {
                                                            "total": 22.746736600000027,
                                                            "count": 1620,
                                                            "is_parallel": true,
                                                            "self": 22.746736600000027
                                                        },
                                                        "steps_from_proto": {
                                                            "total": 0.7860655999996178,
                                                            "count": 3240,
                                                            "is_parallel": true,
                                                            "self": 0.5744403999990997,
                                                            "children": {
                                                                "_process_vector_observation": {
                                                                    "total": 0.2116252000005181,
                                                                    "count": 6480,
                                                                    "is_parallel": true,
                                                                    "self": 0.2116252000005181
                                                                }
                                                            }
                                                        }
                                                    }
                                                }
                                            }
                                        }
                                    }
                                }
                            }
                        }
                    }
                },
                "trainer_threads": {
                    "total": 2.9299999994236714e-05,
                    "count": 1,
                    "self": 2.9299999994236714e-05,
                    "children": {
                        "thread_root": {
                            "total": 0.0,
                            "count": 0,
                            "is_parallel": true,
                            "self": 0.0,
                            "children": {
                                "trainer_advance": {
                                    "total": 44.14817879999999,