{
    "name": "root",
    "metadata": {
        "timer_format_version": "0.1.0",
        "start_time_seconds": "1618110697",
        "python_version": "3.8.5 (default, Sep  3 2020, 21:29:08) [MSC v.1916 64 bit (AMD64)]",
        "command_line_arguments": "C:\\Users\\capstone\\.conda\\envs\\ml-agents-node\\Scripts\\mlagents-learn ./trainer_config.yaml --run-id node_009 --resume",
        "mlagents_version": "0.23.0",
        "mlagents_envs_version": "0.23.0",
        "communication_protocol_version": "1.3.0",
        "pytorch_version": "1.7.1",
        "numpy_version": "1.19.2",
        "end_time_seconds": "1618110820"
    },
    "total": 123.0314343,
    "count": 1,
    "self": 0.0053163999999981115,
    "children": {
        "run_training.setup": {
            "total": 0.0062301999999999635,
            "count": 1,
            "self": 0.0062301999999999635
        },
        "TrainerController.start_learning": {
            "total": 123.0198877,
            "count": 1,
            "self": 1.0598393999998734,
            "children": {
                "TrainerController._reset_env": {
                    "total": 7.446174200000001,
                    "count": 1,
                    "self": 7.446174200000001
                },
                "TrainerController.advance": {
                    "total": 110.05905040000012,
                    "count": 2428,
                    "self": 0.026532699999506804,
                    "children": {
                        "env_step": {
                            "total": 110.03251770000061,
                            "count": 2428,
                            "self": 42.748826600000626,
                            "children": {
                                "SubprocessEnvManager._take_step": {
                                    "total": 67.25261410000014,
                                    "count": 2428,
                                    "self": 0.12924869999979194,
                                    "children": {
                                        "TorchPolicy.evaluate": {
                                            "total": 67.12336540000035,
                                            "count": 2403,
                                            "self": 1.6119916000005645,
                                            "children": {
                                                "TorchPolicy.sample_actions": {
                                                    "total": 65.51137379999979,
                                                    "count": 2403,
                                                    "self": 65.51137379999979
                                                }
                                            }
                                        }
                                    }
                                },
                                "workers": {
                                    "total": 0.031076999999845256,
                                    "count": 2427,
                                    "self": 0.0,
                                    "children": {
                                        "worker_root": {
                                            "total": 110.81874120000005,
                                            "count": 2427,
                                            "is_parallel": true,
                                            "self": 71.88127179999984,
                                            "children": {
                                                "steps_from_proto": {
                                                    "total": 0.0004651999999998324,
                                                    "count": 1,
                                                    "is_parallel": true,
                                                    "self": 0.0002844999999993547,
                                                    "children": {
                                                        "_process_vector_observation": {
                                                            "total": 0.0001807000000004777,
                                                            "count": 2,
                                                            "is_parallel": true,
                                                            "self": 0.0001807000000004777
                                                        }
                                                    }
                                                },
                                                "UnityEnvironment.step": {
                                                    "total": 38.93700420000022,
                                                    "count": 2427,
                                                    "is_parallel": true,
                                                    "self": 0.23403970000025254,
                                                    "children": {
                                                        "UnityEnvironment._generate_step_input": {
                                                            "total": 0.7159598999999748,
                                                            "count": 2427,
                                                            "is_parallel": true,
                                                            "self": 0.7159598999999748
                                                        },
                                                        "communicator.exchange": {
                                                            "total": 36.837493300000155,
                                                            "count": 2427,
                                                            "is_parallel": true,
                                                            "self": 36.837493300000155
                                                        },
                                                        "steps_from_proto": {
                                                            "total": 1.1495112999998378,
                                                            "count": 4854,
                                                            "is_parallel": true,
                                                            "self": 0.842072299999769,
                                                            "children": {
                                                                "_process_vector_observation": {
                                                                    "total": 0.30743900000006885,
                                                                    "count": 9708,
                                                                    "is_parallel": true,
                                                                    "self": 0.30743900000006885
                                                                }
                                                            }
                                                        }
                                                    }
                                                }
                                            }
                                        }
                                    }
                                }
                            }
                        }
                    }
                },
                "trainer_threads": {
                    "total": 1.9600000001673834e-05,
                    "count": 1,
                    "self": 1.9600000001673834e-05,
                    "children": {
                        "thread_root": {
                            "total": 0.0,
                            "count": 0,
                            "is_parallel": true,
                            "self": 0.0,
                            "children": {
                                "trainer_advance": {
                                    "total": 44.62792689999999,