{
    "name": "root",
    "metadata": {
        "timer_format_version": "0.1.0",
        "start_time_seconds": "1618270976",
        "python_version": "3.8.5 (default, Sep  3 2020, 21:29:08) [MSC v.1916 64 bit (AMD64)]",
        "command_line_arguments": "C:\\Users\\capstone\\.conda\\envs\\ml-agents-node\\Scripts\\mlagents-learn ./trainer_config.yaml --run-id node_009 --resume",
        "mlagents_version": "0.23.0",
        "mlagents_envs_version": "0.23.0",
        "communication_protocol_version": "1.3.0",
        "pytorch_version": "1.7.1",
        "numpy_version": "1.19.2",
        "end_time_seconds": "1618271084"
    },
    "total": 107.34270550000001,
    "count": 1,
    "self": 0.006984600000009777,
    "children": {
        "run_training.setup": {
            "total": 0.0063029,
            "count": 1,
            "self": 0.0063029
        },
        "TrainerController.start_learning": {
            "total": 107.329418,
            "count": 1,
            "self": 1.0522257000000508,
            "children": {
                "TrainerController._reset_env": {
                    "total": 6.096637,
                    "count": 2,
                    "self": 6.096637
                },
                "TrainerController.advance": {
                    "total": 100.15565399999996,
                    "count": 2125,
                    "self": 0.024625599999765768,
                    "children": {
                        "env_step": {
                            "total": 100.13102840000019,
                            "count": 2125,
                            "self": 38.49836710000018,
                            "children": {
                                "SubprocessEnvManager._take_step": {
                                    "total": 61.60541999999999,
                                    "count": 2125,
                                    "self": 0.1241508999998473,
                                    "children": {
                                        "TorchPolicy.evaluate": {
                                            "total": 61.48126910000014,
                                            "count": 2103,
                                            "self": 1.4896796000001657,
                                            "children": {
                                                "TorchPolicy.sample_actions": {
                                                    "total": 59.991589499999975,
                                                    "count": 2103,
                                                    "self": 59.991589499999975
                                                }
                                            }
                                        }
                                    }
                                },
                                "workers": {
                                    "total": 0.02724130000002134,
                                    "count": 2124,
                                    "self": 0.0,
                                    "children": {
                                        "worker_root": {
                                            "total": 101.17029279999961,
                                            "count": 2124,
                                            "is_parallel": true,
                                            "self": 66.26287979999955,
                                            "children": {
                                                "steps_from_proto": {
                                                    "total": 0.0007950000000009894,
                                                    "count": 3,
                                                    "is_parallel": true,
                                                    "self": 0.0003807000000000116,
                                                    "children": {
                                                        "_process_vector_observation": {
                                                            "total": 0.0004143000000009778,
                                                            "count": 6,
                                                            "is_parallel": true,
                                                            "self": 0.0004143000000009778
                                                        }
                                                    }
                                                },
                                                "UnityEnvironment.step": {
                                                    "total": 34.906618000000066,
                                                    "count": 2124,
                                                    "is_parallel": true,
                                                    "self": 0.21040840000041783,
                                                    "children": {
                                                        "UnityEnvironment._generate_step_input": {
                                                            "total": 0.6623517999999136,
                                                            "count": 2124,
                                                            "is_parallel": true,
                                                            "self": 0.6623517999999136
                                                        },
                                                        "communicator.exchange": {
                                                            "total": 32.97931109999999,
                                                            "count": 2124,
                                                            "is_parallel": true,
                                                            "self": 32.97931109999999
                                                        },
                                                        "steps_from_proto": {
                                                            "total": 1.0545466999997473,
                                                            "count": 4248,
                                                            "is_parallel": true,
                                                            "self": 0.7700837999992567,
                                                            "children": {
                                                                "_process_vector_observation": {
                                                                    "total": 0.28446290000049057,
                                                                    "count": 8496,
                                                                    "is_parallel": true,
                                                                    "self": 0.28446290000049057
                                                                }
                                                            }
                                                        }
                                                    }
                                                }
                                            }
                                        }
                                    }
                                }
                            }
                        }
                    }
                },
                "trainer_threads": {
                    "total": 2.1500000002561137e-05,
                    "count": 1,
                    "self": 2.1500000002561137e-05,
                    "children": {
                        "thread_root": {
                            "total": 0.0,
                            "count": 0,
                            "is_parallel": true,
                            "self": 0.0,
                            "children": {
                                "trainer_advance": {
                                    "total": 45.3921899,
                                    "count": 992,