{
    "name": "root",
    "metadata": {
        "timer_format_version": "0.1.0",
        "start_time_seconds": "1618188763",
        "python_version": "3.8.5 (default, Sep  3 2020, 21:29:08) [MSC v.1916 64 bit (AMD64)]",
        "command_line_arguments": "C:\\Users\\capstone\\.conda\\envs\\ml-agents-node\\Scripts\\mlagents-learn ./trainer_config.yaml --run-id node_009 --resume",
        "mlagents_version": "0.23.0",
        "mlagents_envs_version": "0.23.0",
        "communication_protocol_version": "1.3.0",
        "pytorch_version": "1.7.1",
        "numpy_version": "1.19.2",
        "end_time_seconds": "1618188899"
    },
    "total": 135.43319699999998,
    "count": 1,
    "self": 0.00561419999996815,
    "children": {
        "run_training.setup": {
            "total": 0.006214500000000012,
            "count": 1,
            "self": 0.006214500000000012
        },
        "TrainerController.start_learning": {
            "total": 135.4213683,
            "count": 1,
            "self": 1.0686539000001574,
            "children": {
                "TrainerController._reset_env": {
                    "total": 5.6240779,
                    "count": 2,
                    "self": 5.6240779
                },
                "TrainerController.advance": {
                    "total": 124.20221419999986,
                    "count": 2731,
                    "self": 0.030734799999351026,
                    "children": {
                        "env_step": {
                            "total": 124.1714794000005,
                            "count": 2731,
                            "self": 48.01630300000036,
                            "children": {
                                "SubprocessEnvManager._take_step": {
                                    "total": 76.1199960000002,
                                    "count": 2731,
                                    "self": 0.1477046000001394,
                                    "children": {
                                        "TorchPolicy.evaluate": {
                                            "total": 75.97229140000006,
                                            "count": 2703,
                                            "self": 1.8318975999999196,
                                            "children": {
                                                "TorchPolicy.sample_actions": {
                                                    "total": 74.14039380000014,
                                                    "count": 2703,
                                                    "self": 74.14039380000014
                                                }
                                            }
                                        }
                                    }
                                },
                                "workers": {
                                    "total": 0.03518039999995093,
                                    "count": 2730,
                                    "self": 0.0,
                                    "children": {
                                        "worker_root": {
                                            "total": 125.16270769999979,
                                            "count": 2730,
                                            "is_parallel": true,
                                            "self": 81.41526879999994,
                                            "children": {
                                                "steps_from_proto": {
                                                    "total": 0.0007772999999993147,
                                                    "count": 3,
                                                    "is_parallel": true,
                                                    "self": 0.00040469999999892536,
                                                    "children": {
                                                        "_process_vector_observation": {
                                                            "total": 0.0003726000000003893,
                                                            "count": 6,
                                                            "is_parallel": true,
                                                            "self": 0.0003726000000003893
                                                        }
                                                    }
                                                },
                                                "UnityEnvironment.step": {
                                                    "total": 43.746661599999854,
                                                    "count": 2730,
                                                    "is_parallel": true,
                                                    "self": 0.26542519999978254,
                                                    "children": {
                                                        "UnityEnvironment._generate_step_input": {
                                                            "total": 0.8202587000001706,
                                                            "count": 2730,
                                                            "is_parallel": true,
                                                            "self": 0.8202587000001706
                                                        },
                                                        "communicator.exchange": {
                                                            "total": 41.336100600000286,
                                                            "count": 2730,
                                                            "is_parallel": true,
                                                            "self": 41.336100600000286
                                                        },
                                                        "steps_from_proto": {
                                                            "total": 1.3248770999996147,
                                                            "count": 5460,
                                                            "is_parallel": true,
                                                            "self": 0.9713382999995899,
                                                            "children": {
                                                                "_process_vector_observation": {
                                                                    "total": 0.3535388000000248,
                                                                    "count": 10920,
                                                                    "is_parallel": true,
                                                                    "self": 0.3535388000000248
                                                                }
                                                            }
                                                        }
                                                    }
                                                }
                                            }
                                        }
                                    }
                                }
                            }
                        }
                    }
                },
                "trainer_threads": {
                    "total": 3.370000001723383e-05,
                    "count": 1,
                    "self": 3.370000001723383e-05,
                    "children": {
                        "thread_root": {
                            "total": 0.0,
                            "count": 0,
                            "is_parallel": true,
                            "self": 0.0,
                            "children": {
                                "trainer_advance": {
                                    "total": 119.37368599999999,