{"count":1,"self":22.5066112,"total":128.4948489,"children":{"AgentSendState":{"count":56034,"self":0.48524059999999997,"total":2.0182386,"children":{"CollectObservations":{"count":2801,"self":0.1755131,"total":0.1755131,"children":null},"CollectDiscreteActionMasks":{"count":2801,"self":0.75623679999999993,"total":0.75623679999999993,"children":null},"AgentInfo.ToProto":{"count":2801,"self":0.059903099999999994,"total":0.6012481,"children":{"GenerateSensorData":{"count":2801,"self":0.541345,"total":0.541345,"children":null}}}}},"DecideAction":{"count":56034,"self":97.330272,"total":97.3302726,"children":null},"AgentAct":{"count":56034,"self":6.6157932,"total":6.6377305,"children":{"AgentInfo.ToProto":{"count":56,"self":0.0039881,"total":0.0219374,"children":{"GenerateSensorData":{"count":56,"self":0.017949299999999998,"total":0.017949299999999998,"children":null}}}}},"AgentInfo.ToProto":{"count":56,"self":0,"total":0.00099779999999999986,"children":{"GenerateSensorData":{"count":56,"self":0.00099779999999999986,"total":0.00099779999999999986,"children":null}}}},"gauges":{"Node_AI.CumulativeReward":{"count":56,"max":-21.2000256,"min":-54.7498131,"runningAverage":-30.2759228,"value":-36.60005,"weightedAverage":-33.0907974}},"metadata":{"timer_format_version":"0.1.0","start_time_seconds":"1617507985","unity_version":"2020.2.3f1","command_line_arguments":"C:\\Program Files\\Unity\\Hub\\Editor\\2020.2.3f1\\Editor\\Unity.exe -projectpath C:\/Users\/capstone\/Documents\/GitHub\/Double_Agent -useHub -hubIPC -cloudEnvironment production -hubSessionId df551ec0-94d3-11eb-a0d2-5bfdc6a0ef6a","communication_protocol_version":"1.0.0","com.unity.ml-agents_version":"1.0.6","scene_name":"PVP","end_time_seconds":"1617508113"}}