{"count":1,"self":2.2875478,"total":4.7586075,"children":{"AgentSendState":{"count":8884,"self":0.0479054,"total":0.10628209999999999,"children":{"CollectObservations":{"count":54,"self":0.0239277,"total":0.0239277,"children":null},"CollectDiscreteActionMasks":{"count":54,"self":0.026468699999999998,"total":0.026468699999999998,"children":null},"AgentInfo.ToProto":{"count":54,"self":0.0019657999999999998,"total":0.0079803,"children":{"GenerateSensorData":{"count":54,"self":0.0060145,"total":0.0060145,"children":null}}}}},"DecideAction":{"count":8884,"self":2.1955991999999998,"total":2.1955993,"children":null},"AgentAct":{"count":8884,"self":0.16518929999999998,"total":0.1671841,"children":{"AgentInfo.ToProto":{"count":10,"self":0,"total":0.0019947999999999997,"children":{"GenerateSensorData":{"count":10,"self":0.0019947999999999997,"total":0.0019947999999999997,"children":null}}}}}},"gauges":{"Node_AI.CumulativeReward":{"count":10,"max":3.70000482,"min":-11.1900072,"runningAverage":-4.71849775,"value":3.70000482,"weightedAverage":-3.33360457}},"metadata":{"timer_format_version":"0.1.0","start_time_seconds":"1616534712","unity_version":"2020.2.3f1","command_line_arguments":"C:\\Program Files\\Unity\\Hub\\Editor\\2020.2.3f1\\Editor\\Unity.exe -projectpath C:\/Users\/capstone\/Documents\/GitHub\/Double_Agent -useHub -hubIPC -cloudEnvironment production -hubSessionId 03855be0-8c17-11eb-a089-039487a95965","communication_protocol_version":"1.0.0","com.unity.ml-agents_version":"1.0.6","scene_name":"PVP","end_time_seconds":"1616534717"}}