{"count":1,"self":9.760436,"total":66.234627899999992,"children":{"AgentSendState":{"count":24851,"self":0.2121903,"total":1.6981798,"children":{"CollectObservations":{"count":1475,"self":0.6298492,"total":0.6298492,"children":null},"CollectDiscreteActionMasks":{"count":1475,"self":0.59301819999999994,"total":0.59301819999999994,"children":null},"AgentInfo.ToProto":{"count":1475,"self":0.0249292,"total":0.26312209999999997,"children":{"GenerateSensorData":{"count":1475,"self":0.23819289999999999,"total":0.23819289999999999,"children":null}}}}},"DecideAction":{"count":24851,"self":51.952057599999996,"total":51.9520584,"children":null},"AgentAct":{"count":24851,"self":2.8129828,"total":2.8129828999999997,"children":null},"AgentInfo.ToProto":{"count":30,"self":0.0019944999999999997,"total":0.0099735999999999991,"children":{"GenerateSensorData":{"count":30,"self":0.0079791,"total":0.0079791,"children":null}}}},"gauges":{},"metadata":{"timer_format_version":"0.1.0","start_time_seconds":"1616605185","unity_version":"2020.2.3f1","command_line_arguments":"C:\\Program Files\\Unity\\Hub\\Editor\\2020.2.3f1\\Editor\\Unity.exe -projectpath C:\/Users\/capstone\/Documents\/GitHub\/Double_Agent -useHub -hubIPC -cloudEnvironment production -hubSessionId dd28dbe0-8caf-11eb-802c-e1028f666d1f","communication_protocol_version":"1.0.0","com.unity.ml-agents_version":"1.0.6","scene_name":"PVP","end_time_seconds":"1616605251"}}