{
    "name": "root",
    "metadata": {
        "timer_format_version": "0.1.0",
        "start_time_seconds": "1617504000",
        "python_version": "3.8.5 (default, Sep  3 2020, 21:29:08) [MSC v.1916 64 bit (AMD64)]",
        "command_line_arguments": "C:\\Users\\capstone\\.conda\\envs\\ml-agents-node\\Scripts\\mlagents-learn ./trainer_config.yaml --run-id node_008 --resume",
        "mlagents_version": "0.23.0",
        "mlagents_envs_version": "0.23.0",
        "communication_protocol_version": "1.3.0",
        "pytorch_version": "1.7.1",
        "numpy_version": "1.19.2",
        "end_time_seconds": "1617504124"
    },
    "total": 123.5068795,
    "count": 1,
    "self": 0.005615699999992785,
    "children": {
        "run_training.setup": {
            "total": 0.006417100000000064,
            "count": 1,
            "self": 0.006417100000000064
        },
        "TrainerController.start_learning": {
            "total": 123.49484670000001,
            "count": 1,
            "self": 1.062246700000074,
            "children": {
                "TrainerController._reset_env": {
                    "total": 6.4216047000000005,
                    "count": 1,
                    "self": 6.4216047000000005
                },
                "TrainerController.advance": {
                    "total": 112.02093579999995,
                    "count": 2497,
                    "self": 0.02846869999955004,
                    "children": {
                        "env_step": {
                            "total": 111.9924671000004,
                            "count": 2497,
                            "self": 43.70533240000046,
                            "children": {
                                "SubprocessEnvManager._take_step": {
                                    "total": 68.25488770000004,
                                    "count": 2497,
                                    "self": 0.13908980000003623,
                                    "children": {
                                        "TorchPolicy.evaluate": {
                                            "total": 68.1157979,
                                            "count": 2472,
                                            "self": 1.6818182000001656,
                                            "children": {
                                                "TorchPolicy.sample_actions": {
                                                    "total": 66.43397969999984,
                                                    "count": 2472,
                                                    "self": 66.43397969999984
                                                }
                                            }
                                        }
                                    }
                                },
                                "workers": {
                                    "total": 0.03224699999989955,
                                    "count": 2496,
                                    "self": 0.0,
                                    "children": {
                                        "worker_root": {
                                            "total": 112.61641460000017,
                                            "count": 2496,
                                            "is_parallel": true,
                                            "self": 72.62639370000002,
                                            "children": {
                                                "steps_from_proto": {
                                                    "total": 0.00043650000000017286,
                                                    "count": 1,
                                                    "is_parallel": true,
                                                    "self": 0.0002948999999992097,
                                                    "children": {
                                                        "_process_vector_observation": {
                                                            "total": 0.00014160000000096318,
                                                            "count": 2,
                                                            "is_parallel": true,
                                                            "self": 0.00014160000000096318
                                                        }
                                                    }
                                                },
                                                "UnityEnvironment.step": {
                                                    "total": 39.989584400000155,
                                                    "count": 2496,
                                                    "is_parallel": true,
                                                    "self": 0.2431898999996278,
                                                    "children": {
                                                        "UnityEnvironment._generate_step_input": {
                                                            "total": 0.7382949000000805,
                                                            "count": 2496,
                                                            "is_parallel": true,
                                                            "self": 0.7382949000000805
                                                        },
                                                        "communicator.exchange": {
                                                            "total": 37.80002630000024,
                                                            "count": 2496,
                                                            "is_parallel": true,
                                                            "self": 37.80002630000024
                                                        },
                                                        "steps_from_proto": {
                                                            "total": 1.2080733000002102,
                                                            "count": 4992,
                                                            "is_parallel": true,
                                                            "self": 0.8856288999999329,
                                                            "children": {
                                                                "_process_vector_observation": {
                                                                    "total": 0.3224444000002773,
                                                                    "count": 9984,
                                                                    "is_parallel": true,
                                                                    "self": 0.3224444000002773
                                                                }
                                                            }
                                                        }
                                                    }
                                                }
                                            }
                                        }
                                    }
                                }
                            }
                        }
                    }
                },
                "trainer_threads": {
                    "total": 2.089999999554948e-05,
                    "count": 1,
                    "self": 2.089999999554948e-05,
                    "children": {
                        "thread_root": {
                            "total": 0.0,
                            "count": 0,
                            "is_parallel": true,
                            "self": 0.0,
                            "children": {
                                "trainer_advance": {
                                    "total": 45.1435161,