{
    "name": "root",
    "metadata": {
        "timer_format_version": "0.1.0",
        "start_time_seconds": "1617068217",
        "python_version": "3.8.5 (default, Sep  3 2020, 21:29:08) [MSC v.1916 64 bit (AMD64)]",
        "command_line_arguments": "C:\\Users\\capstone\\.conda\\envs\\ml-agents-node\\Scripts\\mlagents-learn ./trainer_config.yaml --run-id node_008 --resume",
        "mlagents_version": "0.23.0",
        "mlagents_envs_version": "0.23.0",
        "communication_protocol_version": "1.3.0",
        "pytorch_version": "1.7.1",
        "numpy_version": "1.19.2",
        "end_time_seconds": "1617068330"
    },
    "total": 113.0062384,
    "count": 1,
    "self": 0.007210799999995743,
    "children": {
        "run_training.setup": {
            "total": 0.0060907000000000044,
            "count": 1,
            "self": 0.0060907000000000044
        },
        "TrainerController.start_learning": {
            "total": 112.9929369,
            "count": 1,
            "self": 1.0541919999999436,
            "children": {
                "TrainerController._reset_env": {
                    "total": 6.4317925,
                    "count": 1,
                    "self": 6.4317925
                },
                "TrainerController.advance": {
                    "total": 102.29219610000007,
                    "count": 2125,
                    "self": 0.024480700000168554,
                    "children": {
                        "env_step": {
                            "total": 102.2677153999999,
                            "count": 2125,
                            "self": 38.32180040000014,
                            "children": {
                                "SubprocessEnvManager._take_step": {
                                    "total": 63.917638100000055,
                                    "count": 2125,
                                    "self": 0.12063020000010738,
                                    "children": {
                                        "TorchPolicy.evaluate": {
                                            "total": 63.79700789999995,
                                            "count": 2103,
                                            "self": 1.4821689000000262,
                                            "children": {
                                                "TorchPolicy.sample_actions": {
                                                    "total": 62.31483899999992,
                                                    "count": 2103,
                                                    "self": 62.31483899999992
                                                }
                                            }
                                        }
                                    }
                                },
                                "workers": {
                                    "total": 0.028276899999704064,
                                    "count": 2124,
                                    "self": 0.0,
                                    "children": {
                                        "worker_root": {
                                            "total": 102.58801859999981,
                                            "count": 2124,
                                            "is_parallel": true,
                                            "self": 67.27196789999955,
                                            "children": {
                                                "steps_from_proto": {
                                                    "total": 0.0004565000000003039,
                                                    "count": 1,
                                                    "is_parallel": true,
                                                    "self": 0.00029409999999963077,
                                                    "children": {
                                                        "_process_vector_observation": {
                                                            "total": 0.00016240000000067312,
                                                            "count": 2,
                                                            "is_parallel": true,
                                                            "self": 0.00016240000000067312
                                                        }
                                                    }
                                                },
                                                "UnityEnvironment.step": {
                                                    "total": 35.31559420000026,
                                                    "count": 2124,
                                                    "is_parallel": true,
                                                    "self": 0.2062242000003991,
                                                    "children": {
                                                        "UnityEnvironment._generate_step_input": {
                                                            "total": 0.644601700000071,
                                                            "count": 2124,
                                                            "is_parallel": true,
                                                            "self": 0.644601700000071
                                                        },
                                                        "communicator.exchange": {
                                                            "total": 33.41025339999994,
                                                            "count": 2124,
                                                            "is_parallel": true,
                                                            "self": 33.41025339999994
                                                        },
                                                        "steps_from_proto": {
                                                            "total": 1.0545148999998526,
                                                            "count": 4248,
                                                            "is_parallel": true,
                                                            "self": 0.7721319999992886,
                                                            "children": {
                                                                "_process_vector_observation": {
                                                                    "total": 0.282382900000564,
                                                                    "count": 8496,
                                                                    "is_parallel": true,
                                                                    "self": 0.282382900000564
                                                                }
                                                            }
                                                        }
                                                    }
                                                }
                                            }
                                        }
                                    }
                                }
                            }
                        }
                    }
                },
                "trainer_threads": {
                    "total": 2.0800000001486296e-05,
                    "count": 1,
                    "self": 2.0800000001486296e-05,
                    "children": {
                        "thread_root": {
                            "total": 0.0,
                            "count": 0,
                            "is_parallel": true,
                            "self": 0.0,
                            "children": {
                                "trainer_advance": {
                                    "total": 100.63717850000003,