{
    "name": "root",
    "metadata": {
        "timer_format_version": "0.1.0",
        "start_time_seconds": "1616966948",
        "python_version": "3.8.5 (default, Sep  3 2020, 21:29:08) [MSC v.1916 64 bit (AMD64)]",
        "command_line_arguments": "C:\\Users\\capstone\\.conda\\envs\\ml-agents-node\\Scripts\\mlagents-learn ./trainer_config.yaml --run-id node_008 --resume",
        "mlagents_version": "0.23.0",
        "mlagents_envs_version": "0.23.0",
        "communication_protocol_version": "1.3.0",
        "pytorch_version": "1.7.1",
        "numpy_version": "1.19.2",
        "end_time_seconds": "1616967062"
    },
    "total": 114.51896339999999,
    "count": 1,
    "self": 0.007377599999983886,
    "children": {
        "run_training.setup": {
            "total": 0.006557099999999982,
            "count": 1,
            "self": 0.006557099999999982
        },
        "TrainerController.start_learning": {
            "total": 114.50502870000001,
            "count": 1,
            "self": 1.0564317000000614,
            "children": {
                "TrainerController._reset_env": {
                    "total": 4.953812,
                    "count": 1,
                    "self": 4.953812
                },
                "TrainerController.advance": {
                    "total": 105.26159379999994,
                    "count": 2211,
                    "self": 0.025023399999767548,
                    "children": {
                        "env_step": {
                            "total": 105.23657040000018,
                            "count": 2211,
                            "self": 41.049482499999996,
                            "children": {
                                "SubprocessEnvManager._take_step": {
                                    "total": 64.15864780000038,
                                    "count": 2211,
                                    "self": 0.12093030000060878,
                                    "children": {
                                        "TorchPolicy.evaluate": {
                                            "total": 64.03771749999977,
                                            "count": 2189,
                                            "self": 1.4923855000001467,
                                            "children": {
                                                "TorchPolicy.sample_actions": {
                                                    "total": 62.545331999999625,
                                                    "count": 2189,
                                                    "self": 62.545331999999625
                                                }
                                            }
                                        }
                                    }
                                },
                                "workers": {
                                    "total": 0.028440099999794022,
                                    "count": 2210,
                                    "self": 0.0,
                                    "children": {
                                        "worker_root": {
                                            "total": 105.51009679999989,
                                            "count": 2210,
                                            "is_parallel": true,
                                            "self": 67.48876250000006,
                                            "children": {
                                                "steps_from_proto": {
                                                    "total": 0.0004634000000001137,
                                                    "count": 1,
                                                    "is_parallel": true,
                                                    "self": 0.00029730000000061096,
                                                    "children": {
                                                        "_process_vector_observation": {
                                                            "total": 0.00016609999999950276,
                                                            "count": 2,
                                                            "is_parallel": true,
                                                            "self": 0.00016609999999950276
                                                        }
                                                    }
                                                },
                                                "UnityEnvironment.step": {
                                                    "total": 38.02087089999982,
                                                    "count": 2210,
                                                    "is_parallel": true,
                                                    "self": 0.21664719999962756,
                                                    "children": {
                                                        "UnityEnvironment._generate_step_input": {
                                                            "total": 0.6567943000000831,
                                                            "count": 2210,
                                                            "is_parallel": true,
                                                            "self": 0.6567943000000831
                                                        },
                                                        "communicator.exchange": {
                                                            "total": 36.04517059999981,
                                                            "count": 2210,
                                                            "is_parallel": true,
                                                            "self": 36.04517059999981
                                                        },
                                                        "steps_from_proto": {
                                                            "total": 1.102258800000297,
                                                            "count": 4420,
                                                            "is_parallel": true,
                                                            "self": 0.808701400001218,
                                                            "children": {
                                                                "_process_vector_observation": {
                                                                    "total": 0.29355739999907904,
                                                                    "count": 8840,
                                                                    "is_parallel": true,
                                                                    "self": 0.29355739999907904
                                                                }
                                                            }
                                                        }
                                                    }
                                                }
                                            }
                                        }
                                    }
                                }
                            }
                        }
                    }
                },
                "trainer_threads": {
                    "total": 2.0900000009760333e-05,
                    "count": 1,
                    "self": 2.0900000009760333e-05,
                    "children": {
                        "thread_root": {
                            "total": 0.0,
                            "count": 0,
                            "is_parallel": true,
                            "self": 0.0,
                            "children": {
                                "trainer_advance": {
                                    "total": 103.6383462,