{
    "name": "root",
    "metadata": {
        "timer_format_version": "0.1.0",
        "start_time_seconds": "1617236084",
        "python_version": "3.8.5 (default, Sep  3 2020, 21:29:08) [MSC v.1916 64 bit (AMD64)]",
        "command_line_arguments": "C:\\Users\\capstone\\.conda\\envs\\ml-agents-node\\Scripts\\mlagents-learn ./trainer_config.yaml --run-id node_008 --resume",
        "mlagents_version": "0.23.0",
        "mlagents_envs_version": "0.23.0",
        "communication_protocol_version": "1.3.0",
        "pytorch_version": "1.7.1",
        "numpy_version": "1.19.2",
        "end_time_seconds": "1617236128"
    },
    "total": 43.8381796,
    "count": 1,
    "self": 0.00539829999999597,
    "children": {
        "run_training.setup": {
            "total": 0.006127299999999947,
            "count": 1,
            "self": 0.006127299999999947
        },
        "TrainerController.start_learning": {
            "total": 43.826654,
            "count": 1,
            "self": 1.0162879000000373,
            "children": {
                "TrainerController._reset_env": {
                    "total": 6.263218,
                    "count": 1,
                    "self": 6.263218
                },
                "TrainerController.advance": {
                    "total": 33.25130729999996,
                    "count": 656,
                    "self": 0.0073441999999630525,
                    "children": {
                        "env_step": {
                            "total": 33.243963099999995,
                            "count": 656,
                            "self": 12.436355699999979,
                            "children": {
                                "SubprocessEnvManager._take_step": {
                                    "total": 20.79948479999998,
                                    "count": 656,
                                    "self": 0.037570500000033036,
                                    "children": {
                                        "TorchPolicy.evaluate": {
                                            "total": 20.761914299999948,
                                            "count": 649,
                                            "self": 0.4747157999999594,
                                            "children": {
                                                "TorchPolicy.sample_actions": {
                                                    "total": 20.287198499999988,
                                                    "count": 649,
                                                    "self": 20.287198499999988
                                                }
                                            }
                                        }
                                    }
                                },
                                "workers": {
                                    "total": 0.00812260000003473,
                                    "count": 655,
                                    "self": 0.0,
                                    "children": {
                                        "worker_root": {
                                            "total": 33.67129099999989,
                                            "count": 655,
                                            "is_parallel": true,
                                            "self": 22.501581699999896,
                                            "children": {
                                                "steps_from_proto": {
                                                    "total": 0.0004227000000005532,
                                                    "count": 1,
                                                    "is_parallel": true,
                                                    "self": 0.0002719000000004357,
                                                    "children": {
                                                        "_process_vector_observation": {
                                                            "total": 0.0001508000000001175,
                                                            "count": 2,
                                                            "is_parallel": true,
                                                            "self": 0.0001508000000001175
                                                        }
                                                    }
                                                },
                                                "UnityEnvironment.step": {
                                                    "total": 11.169286599999992,
                                                    "count": 655,
                                                    "is_parallel": true,
                                                    "self": 0.06432029999996836,
                                                    "children": {
                                                        "UnityEnvironment._generate_step_input": {
                                                            "total": 0.2009487999999937,
                                                            "count": 655,
                                                            "is_parallel": true,
                                                            "self": 0.2009487999999937
                                                        },
                                                        "communicator.exchange": {
                                                            "total": 10.590533500000017,
                                                            "count": 655,
                                                            "is_parallel": true,
                                                            "self": 10.590533500000017
                                                        },
                                                        "steps_from_proto": {
                                                            "total": 0.3134840000000132,
                                                            "count": 1310,
                                                            "is_parallel": true,
                                                            "self": 0.22843190000006164,
                                                            "children": {
                                                                "_process_vector_observation": {
                                                                    "total": 0.08505209999995156,
                                                                    "count": 2620,
                                                                    "is_parallel": true,
                                                                    "self": 0.08505209999995156
                                                                }
                                                            }
                                                        }
                                                    }
                                                }
                                            }
                                        }
                                    }
                                }
                            }
                        }
                    }
                },
                "trainer_threads": {
                    "total": 2.2999999998774e-05,
                    "count": 1,
                    "self": 2.2999999998774e-05,
                    "children": {
                        "thread_root": {
                            "total": 0.0,
                            "count": 0,
                            "is_parallel": true,
                            "self": 0.0,
                            "children": {
                                "trainer_advance": {
                                    "total": 18.526326899999983,