{
    "name": "root",
    "metadata": {
        "timer_format_version": "0.1.0",
        "start_time_seconds": "1616961991",
        "python_version": "3.8.5 (default, Sep  3 2020, 21:29:08) [MSC v.1916 64 bit (AMD64)]",
        "command_line_arguments": "C:\\Users\\capstone\\.conda\\envs\\ml-agents-node\\Scripts\\mlagents-learn ./trainer_config.yaml --run-id node_008 --resume",
        "mlagents_version": "0.23.0",
        "mlagents_envs_version": "0.23.0",
        "communication_protocol_version": "1.3.0",
        "pytorch_version": "1.7.1",
        "numpy_version": "1.19.2",
        "end_time_seconds": "1616962084"
    },
    "total": 92.9531048,
    "count": 1,
    "self": 0.005474300000003041,
    "children": {
        "run_training.setup": {
            "total": 0.006276199999999954,
            "count": 1,
            "self": 0.006276199999999954
        },
        "TrainerController.start_learning": {
            "total": 92.9413543,
            "count": 1,
            "self": 1.0440568000000354,
            "children": {
                "TrainerController._reset_env": {
                    "total": 4.9497804,
                    "count": 1,
                    "self": 4.9497804
                },
                "TrainerController.advance": {
                    "total": 84.09737579999997,
                    "count": 1824,
                    "self": 0.021052400000286298,
                    "children": {
                        "env_step": {
                            "total": 84.07632339999968,
                            "count": 1824,
                            "self": 33.56984939999995,
                            "children": {
                                "SubprocessEnvManager._take_step": {
                                    "total": 50.48340389999973,
                                    "count": 1824,
                                    "self": 0.09780379999992306,
                                    "children": {
                                        "TorchPolicy.evaluate": {
                                            "total": 50.385600099999806,
                                            "count": 1804,
                                            "self": 1.2184287999999341,
                                            "children": {
                                                "TorchPolicy.sample_actions": {
                                                    "total": 49.16717129999987,
                                                    "count": 1804,
                                                    "self": 49.16717129999987
                                                }
                                            }
                                        }
                                    }
                                },
                                "workers": {
                                    "total": 0.023070099999997318,
                                    "count": 1823,
                                    "self": 0.0,
                                    "children": {
                                        "worker_root": {
                                            "total": 84.22917430000028,
                                            "count": 1823,
                                            "is_parallel": true,
                                            "self": 53.06731420000037,
                                            "children": {
                                                "steps_from_proto": {
                                                    "total": 0.00046690000000015885,
                                                    "count": 1,
                                                    "is_parallel": true,
                                                    "self": 0.0002890000000004278,
                                                    "children": {
                                                        "_process_vector_observation": {
                                                            "total": 0.00017789999999973105,
                                                            "count": 2,
                                                            "is_parallel": true,
                                                            "self": 0.00017789999999973105
                                                        }
                                                    }
                                                },
                                                "UnityEnvironment.step": {
                                                    "total": 31.161393199999914,
                                                    "count": 1823,
                                                    "is_parallel": true,
                                                    "self": 0.17963799999960628,
                                                    "children": {
                                                        "UnityEnvironment._generate_step_input": {
                                                            "total": 0.5394212000001044,
                                                            "count": 1823,
                                                            "is_parallel": true,
                                                            "self": 0.5394212000001044
                                                        },
                                                        "communicator.exchange": {
                                                            "total": 29.56974999999978,
                                                            "count": 1823,
                                                            "is_parallel": true,
                                                            "self": 29.56974999999978
                                                        },
                                                        "steps_from_proto": {
                                                            "total": 0.8725840000004208,
                                                            "count": 3646,
                                                            "is_parallel": true,
                                                            "self": 0.6372236000003912,
                                                            "children": {
                                                                "_process_vector_observation": {
                                                                    "total": 0.23536040000002956,
                                                                    "count": 7292,
                                                                    "is_parallel": true,
                                                                    "self": 0.23536040000002956
                                                                }
                                                            }
                                                        }
                                                    }
                                                }
                                            }
                                        }
                                    }
                                }
                            }
                        }
                    }
                },
                "trainer_threads": {
                    "total": 2.290000000471082e-05,
                    "count": 1,
                    "self": 2.290000000471082e-05,
                    "children": {
                        "thread_root": {
                            "total": 0.0,
                            "count": 0,
                            "is_parallel": true,
                            "self": 0.0,
                            "children": {
                                "trainer_advance": {
                                    "total": 43.622888300000014,