{
    "name": "root",
    "metadata": {
        "timer_format_version": "0.1.0",
        "start_time_seconds": "1618455344",
        "python_version": "3.8.5 (default, Sep  3 2020, 21:29:08) [MSC v.1916 64 bit (AMD64)]",
        "command_line_arguments": "C:\\Users\\capstone\\.conda\\envs\\ml-agents-node\\Scripts\\mlagents-learn ./trainer_config.yaml --run-id node_008 --resume",
        "mlagents_version": "0.23.0",
        "mlagents_envs_version": "0.23.0",
        "communication_protocol_version": "1.3.0",
        "pytorch_version": "1.7.1",
        "numpy_version": "1.19.2",
        "end_time_seconds": "1618455377"
    },
    "total": 33.7095123,
    "count": 1,
    "self": 0.005465800000003185,
    "children": {
        "run_training.setup": {
            "total": 0.006151200000000023,
            "count": 1,
            "self": 0.006151200000000023
        },
        "TrainerController.start_learning": {
            "total": 33.6978953,
            "count": 1,
            "self": 1.0116035999999582,
            "children": {
                "TrainerController._reset_env": {
                    "total": 7.067272999999999,
                    "count": 1,
                    "self": 7.067272999999999
                },
                "TrainerController.advance": {
                    "total": 21.575147400000045,
                    "count": 426,
                    "self": 0.004732300000025447,
                    "children": {
                        "env_step": {
                            "total": 21.57041510000002,
                            "count": 426,
                            "self": 8.29112340000009,
                            "children": {
                                "SubprocessEnvManager._take_step": {
                                    "total": 13.274042499999982,
                                    "count": 426,
                                    "self": 0.02372749999998547,
                                    "children": {
                                        "TorchPolicy.evaluate": {
                                            "total": 13.250314999999997,
                                            "count": 421,
                                            "self": 0.33298160000004806,
                                            "children": {
                                                "TorchPolicy.sample_actions": {
                                                    "total": 12.917333399999949,
                                                    "count": 421,
                                                    "self": 12.917333399999949
                                                }
                                            }
                                        }
                                    }
                                },
                                "workers": {
                                    "total": 0.005249199999946441,
                                    "count": 425,
                                    "self": 0.0,
                                    "children": {
                                        "worker_root": {
                                            "total": 22.211307900000026,
                                            "count": 425,
                                            "is_parallel": true,
                                            "self": 15.139310100000031,
                                            "children": {
                                                "steps_from_proto": {
                                                    "total": 0.00045059999999974565,
                                                    "count": 1,
                                                    "is_parallel": true,
                                                    "self": 0.0003003000000001421,
                                                    "children": {
                                                        "_process_vector_observation": {
                                                            "total": 0.00015029999999960353,
                                                            "count": 2,
                                                            "is_parallel": true,
                                                            "self": 0.00015029999999960353
                                                        }
                                                    }
                                                },
                                                "UnityEnvironment.step": {
                                                    "total": 7.071547199999994,
                                                    "count": 425,
                                                    "is_parallel": true,
                                                    "self": 0.04167199999994331,
                                                    "children": {
                                                        "UnityEnvironment._generate_step_input": {
                                                            "total": 0.12303060000006738,
                                                            "count": 425,
                                                            "is_parallel": true,
                                                            "self": 0.12303060000006738
                                                        },
                                                        "communicator.exchange": {
                                                            "total": 6.689372700000014,
                                                            "count": 425,
                                                            "is_parallel": true,
                                                            "self": 6.689372700000014
                                                        },
                                                        "steps_from_proto": {
                                                            "total": 0.2174718999999694,
                                                            "count": 850,
                                                            "is_parallel": true,
                                                            "self": 0.15952940000000293,
                                                            "children": {
                                                                "_process_vector_observation": {
                                                                    "total": 0.05794249999996648,
                                                                    "count": 1700,
                                                                    "is_parallel": true,
                                                                    "self": 0.05794249999996648
                                                                }
                                                            }
                                                        }
                                                    }
                                                }
                                            }
                                        }
                                    }
                                }
                            }
                        }
                    }
                },
                "trainer_threads": {
                    "total": 1.9399999999336615e-05,
                    "count": 1,
                    "self": 1.9399999999336615e-05,
                    "children": {
                        "thread_root": {
                            "total": 0.0,
                            "count": 0,
                            "is_parallel": true,
                            "self": 0.0,
                            "children": {
                                "trainer_advance": {
                                    "total": 19.77816450000001,