{
    "name": "root",
    "metadata": {
        "timer_format_version": "0.1.0",
        "start_time_seconds": "1616605173",
        "python_version": "3.8.5 (default, Sep  3 2020, 21:29:08) [MSC v.1916 64 bit (AMD64)]",
        "command_line_arguments": "C:\\Users\\capstone\\.conda\\envs\\ml-agents-node\\Scripts\\mlagents-learn ./trainer_config.yaml --run-id node_007 --resume",
        "mlagents_version": "0.23.0",
        "mlagents_envs_version": "0.23.0",
        "communication_protocol_version": "1.3.0",
        "pytorch_version": "1.7.1",
        "numpy_version": "1.19.2",
        "end_time_seconds": "1616605255"
    },
    "total": 81.3774071,
    "count": 1,
    "self": 0.005697600000004854,
    "children": {
        "run_training.setup": {
            "total": 0.0063438000000000105,
            "count": 1,
            "self": 0.0063438000000000105
        },
        "TrainerController.start_learning": {
            "total": 81.3653657,
            "count": 1,
            "self": 1.0374963000001998,
            "children": {
                "TrainerController._reset_env": {
                    "total": 12.0937981,
                    "count": 1,
                    "self": 12.0937981
                },
                "TrainerController.advance": {
                    "total": 65.5802445999998,
                    "count": 1489,
                    "self": 0.017348899999817036,
                    "children": {
                        "env_step": {
                            "total": 65.56289569999998,
                            "count": 1489,
                            "self": 23.170703699999834,
                            "children": {
                                "SubprocessEnvManager._take_step": {
                                    "total": 42.37297379999996,
                                    "count": 1489,
                                    "self": 0.07924580000020853,
                                    "children": {
                                        "TorchPolicy.evaluate": {
                                            "total": 42.29372799999975,
                                            "count": 1474,
                                            "self": 1.0202890999996796,
                                            "children": {
                                                "TorchPolicy.sample_actions": {
                                                    "total": 41.27343890000007,
                                                    "count": 1474,
                                                    "self": 41.27343890000007
                                                }
                                            }
                                        }
                                    }
                                },
                                "workers": {
                                    "total": 0.019218200000191032,
                                    "count": 1488,
                                    "self": 0.0,
                                    "children": {
                                        "worker_root": {
                                            "total": 65.68283370000006,
                                            "count": 1488,
                                            "is_parallel": true,
                                            "self": 44.339775400000384,
                                            "children": {
                                                "steps_from_proto": {
                                                    "total": 0.0005216000000007881,
                                                    "count": 1,
                                                    "is_parallel": true,
                                                    "self": 0.00033270000000129585,
                                                    "children": {
                                                        "_process_vector_observation": {
                                                            "total": 0.00018889999999949225,
                                                            "count": 2,
                                                            "is_parallel": true,
                                                            "self": 0.00018889999999949225
                                                        }
                                                    }
                                                },
                                                "UnityEnvironment.step": {
                                                    "total": 21.342536699999677,
                                                    "count": 1488,
                                                    "is_parallel": true,
                                                    "self": 0.1007096999997934,
                                                    "children": {
                                                        "UnityEnvironment._generate_step_input": {
                                                            "total": 0.44031569999988207,
                                                            "count": 1488,
                                                            "is_parallel": true,
                                                            "self": 0.44031569999988207
                                                        },
                                                        "communicator.exchange": {
                                                            "total": 20.119856300000027,
                                                            "count": 1488,
                                                            "is_parallel": true,
                                                            "self": 20.119856300000027
                                                        },
                                                        "steps_from_proto": {
                                                            "total": 0.6816549999999744,
                                                            "count": 1488,
                                                            "is_parallel": true,
                                                            "self": 0.48960840000015793,
                                                            "children": {
                                                                "_process_vector_observation": {
                                                                    "total": 0.19204659999981644,
                                                                    "count": 2976,
                                                                    "is_parallel": true,
                                                                    "self": 0.19204659999981644
                                                                }
                                                            }
                                                        }
                                                    }
                                                }
                                            }
                                        }
                                    }
                                }
                            }
                        }
                    }
                },
                "trainer_threads": {
                    "total": 1.9300000005273432e-05,
                    "count": 1,
                    "self": 1.9300000005273432e-05,
                    "children": {
                        "thread_root": {
                            "total": 0.0,
                            "count": 0,
                            "is_parallel": true,
                            "self": 0.0,
                            "children": {
                                "trainer_advance": {
                                    "total": 31.00532180000006,