{
    "name": "root",
    "metadata": {
        "timer_format_version": "0.1.0",
        "start_time_seconds": "1616531846",
        "python_version": "3.8.5 (default, Sep  3 2020, 21:29:08) [MSC v.1916 64 bit (AMD64)]",
        "command_line_arguments": "C:\\Users\\capstone\\.conda\\envs\\ml-agents-node\\Scripts\\mlagents-learn ./trainer_config.yaml --run-id node_004 --resume",
        "mlagents_version": "0.23.0",
        "mlagents_envs_version": "0.23.0",
        "communication_protocol_version": "1.3.0",
        "pytorch_version": "1.7.1",
        "numpy_version": "1.19.2",
        "end_time_seconds": "1616531880"
    },
    "total": 33.6058864,
    "count": 1,
    "self": 0.005326100000004885,
    "children": {
        "run_training.setup": {
            "total": 0.006026400000000098,
            "count": 1,
            "self": 0.006026400000000098
        },
        "TrainerController.start_learning": {
            "total": 33.594533899999995,
            "count": 1,
            "self": 1.0027980999999997,
            "children": {
                "TrainerController._reset_env": {
                    "total": 15.466939700000001,
                    "count": 1,
                    "self": 15.466939700000001
                },
                "TrainerController.advance": {
                    "total": 14.622482199999986,
                    "count": 109,
                    "self": 0.0012128999999809764,
                    "children": {
                        "env_step": {
                            "total": 14.621269300000005,
                            "count": 109,
                            "self": 11.765039200000015,
                            "children": {
                                "SubprocessEnvManager._take_step": {
                                    "total": 2.854946699999992,
                                    "count": 109,
                                    "self": 0.004878300000001445,
                                    "children": {
                                        "TorchPolicy.evaluate": {
                                            "total": 2.8500683999999907,
                                            "count": 100,
                                            "self": 0.0688676999999629,
                                            "children": {
                                                "TorchPolicy.sample_actions": {
                                                    "total": 2.781200700000028,
                                                    "count": 100,
                                                    "self": 2.781200700000028
                                                }
                                            }
                                        }
                                    }
                                },
                                "workers": {
                                    "total": 0.0012833999999983803,
                                    "count": 108,
                                    "self": 0.0,
                                    "children": {
                                        "worker_root": {
                                            "total": 5.4043791,
                                            "count": 108,
                                            "is_parallel": true,
                                            "self": 3.093102800000027,
                                            "children": {
                                                "steps_from_proto": {
                                                    "total": 0.00046709999999983154,
                                                    "count": 1,
                                                    "is_parallel": true,
                                                    "self": 0.00027850000000206876,
                                                    "children": {
                                                        "_process_vector_observation": {
                                                            "total": 0.00018859999999776278,
                                                            "count": 2,
                                                            "is_parallel": true,
                                                            "self": 0.00018859999999776278
                                                        }
                                                    }
                                                },
                                                "UnityEnvironment.step": {
                                                    "total": 2.310809199999973,
                                                    "count": 108,
                                                    "is_parallel": true,
                                                    "self": 0.007504699999959286,
                                                    "children": {
                                                        "UnityEnvironment._generate_step_input": {
                                                            "total": 0.0335106000000156,
                                                            "count": 108,
                                                            "is_parallel": true,
                                                            "self": 0.0335106000000156
                                                        },
                                                        "communicator.exchange": {
                                                            "total": 2.2227850999999976,
                                                            "count": 108,
                                                            "is_parallel": true,
                                                            "self": 2.2227850999999976
                                                        },
                                                        "steps_from_proto": {
                                                            "total": 0.047008800000000406,
                                                            "count": 108,
                                                            "is_parallel": true,
                                                            "self": 0.0332683999999972,
                                                            "children": {
                                                                "_process_vector_observation": {
                                                                    "total": 0.013740400000003206,
                                                                    "count": 216,
                                                                    "is_parallel": true,
                                                                    "self": 0.013740400000003206
                                                                }
                                                            }
                                                        }
                                                    }
                                                }
                                            }
                                        }
                                    }
                                }
                            }
                        }
                    }
                },
                "trainer_threads": {
                    "total": 2.1100000004992125e-05,
                    "count": 1,
                    "self": 2.1100000004992125e-05,
                    "children": {
                        "thread_root": {
                            "total": 0.0,
                            "count": 0,
                            "is_parallel": true,
                            "self": 0.0,
                            "children": {
                                "trainer_advance": {
                                    "total": 10.168745600000012,