{
    "name": "root",
    "metadata": {
        "timer_format_version": "0.1.0",
        "start_time_seconds": "1616532018",
        "python_version": "3.8.5 (default, Sep  3 2020, 21:29:08) [MSC v.1916 64 bit (AMD64)]",
        "command_line_arguments": "C:\\Users\\capstone\\.conda\\envs\\ml-agents-node\\Scripts\\mlagents-learn ./trainer_config.yaml --run-id node_005",
        "mlagents_version": "0.23.0",
        "mlagents_envs_version": "0.23.0",
        "communication_protocol_version": "1.3.0",
        "pytorch_version": "1.7.1",
        "numpy_version": "1.19.2",
        "end_time_seconds": "1616532047"
    },
    "total": 29.2570995,
    "count": 1,
    "self": 0.005997199999999481,
    "children": {
        "run_training.setup": {
            "total": 0.006148000000000042,
            "count": 1,
            "self": 0.006148000000000042
        },
        "TrainerController.start_learning": {
            "total": 29.2449543,
            "count": 1,
            "self": 1.0023519000000043,
            "children": {
                "TrainerController._reset_env": {
                    "total": 15.743481,
                    "count": 1,
                    "self": 15.743481
                },
                "TrainerController.advance": {
                    "total": 10.144420699999994,
                    "count": 109,
                    "self": 0.001080300000005252,
                    "children": {
                        "env_step": {
                            "total": 10.143340399999989,
                            "count": 109,
                            "self": 5.634584300000007,
                            "children": {
                                "SubprocessEnvManager._take_step": {
                                    "total": 4.507623699999986,
                                    "count": 109,
                                    "self": 0.004910199999986986,
                                    "children": {
                                        "TorchPolicy.evaluate": {
                                            "total": 4.502713499999999,
                                            "count": 100,
                                            "self": 0.11309710000000095,
                                            "children": {
                                                "TorchPolicy.sample_actions": {
                                                    "total": 4.389616399999998,
                                                    "count": 100,
                                                    "self": 4.389616399999998
                                                }
                                            }
                                        }
                                    }
                                },
                                "workers": {
                                    "total": 0.0011323999999959256,
                                    "count": 108,
                                    "self": 0.0,
                                    "children": {
                                        "worker_root": {
                                            "total": 7.159213199999995,
                                            "count": 108,
                                            "is_parallel": true,
                                            "self": 4.713466299999997,
                                            "children": {
                                                "steps_from_proto": {
                                                    "total": 0.00046229999999880533,
                                                    "count": 1,
                                                    "is_parallel": true,
                                                    "self": 0.0002828999999984205,
                                                    "children": {
                                                        "_process_vector_observation": {
                                                            "total": 0.0001794000000003848,
                                                            "count": 2,
                                                            "is_parallel": true,
                                                            "self": 0.0001794000000003848
                                                        }
                                                    }
                                                },
                                                "UnityEnvironment.step": {
                                                    "total": 2.445284599999999,
                                                    "count": 108,
                                                    "is_parallel": true,
                                                    "self": 0.006935000000012792,
                                                    "children": {
                                                        "UnityEnvironment._generate_step_input": {
                                                            "total": 0.027376599999971774,
                                                            "count": 108,
                                                            "is_parallel": true,
                                                            "self": 0.027376599999971774
                                                        },
                                                        "communicator.exchange": {
                                                            "total": 2.3674239000000146,
                                                            "count": 108,
                                                            "is_parallel": true,
                                                            "self": 2.3674239000000146
                                                        },
                                                        "steps_from_proto": {
                                                            "total": 0.043549099999999896,
                                                            "count": 108,
                                                            "is_parallel": true,
                                                            "self": 0.030973500000001764,
                                                            "children": {
                                                                "_process_vector_observation": {
                                                                    "total": 0.012575599999998133,
                                                                    "count": 216,
                                                                    "is_parallel": true,
                                                                    "self": 0.012575599999998133
                                                                }
                                                            }
                                                        }
                                                    }
                                                }
                                            }
                                        }
                                    }
                                }
                            }
                        }
                    }
                },
                "trainer_threads": {
                    "total": 2.7200000001670332e-05,
                    "count": 1,
                    "self": 2.7200000001670332e-05,
                    "children": {
                        "thread_root": {
                            "total": 0.0,
                            "count": 0,
                            "is_parallel": true,
                            "self": 0.0,
                            "children": {
                                "trainer_advance": {
                                    "total": 7.100766399999934,