{
    "name": "root",
    "metadata": {
        "timer_format_version": "0.1.0",
        "start_time_seconds": "1616533061",
        "python_version": "3.8.5 (default, Sep  3 2020, 21:29:08) [MSC v.1916 64 bit (AMD64)]",
        "command_line_arguments": "C:\\Users\\capstone\\.conda\\envs\\ml-agents-node\\Scripts\\mlagents-learn ./trainer_config.yaml --run-id node_005 --resume",
        "mlagents_version": "0.23.0",
        "mlagents_envs_version": "0.23.0",
        "communication_protocol_version": "1.3.0",
        "pytorch_version": "1.7.1",
        "numpy_version": "1.19.2",
        "end_time_seconds": "1616533142"
    },
    "total": 80.9157361,
    "count": 1,
    "self": 0.0066198000000099455,
    "children": {
        "run_training.setup": {
            "total": 0.005934899999999965,
            "count": 1,
            "self": 0.005934899999999965
        },
        "TrainerController.start_learning": {
            "total": 80.9031814,
            "count": 1,
            "self": 0.00025469999999927495,
            "children": {
                "TrainerController._reset_env": {
                    "total": 9.893106999999999,
                    "count": 1,
                    "self": 9.893106999999999
                },
                "TrainerController.advance": {
                    "total": 68.4387643,
                    "count": 5,
                    "self": 5.129999999553547e-05,
                    "children": {
                        "env_step": {
                            "total": 68.438713,
                            "count": 5,
                            "self": 68.20005060000001,
                            "children": {
                                "SubprocessEnvManager._take_step": {
                                    "total": 0.23862049999999968,
                                    "count": 5,
                                    "self": 0.0003687999999986147,
                                    "children": {
                                        "TorchPolicy.evaluate": {
                                            "total": 0.23825170000000107,
                                            "count": 5,
                                            "self": 0.006023800000001245,
                                            "children": {
                                                "TorchPolicy.sample_actions": {
                                                    "total": 0.23222789999999982,
                                                    "count": 5,
                                                    "self": 0.23222789999999982
                                                }
                                            }
                                        }
                                    }
                                },
                                "workers": {
                                    "total": 4.1899999999372994e-05,
                                    "count": 4,
                                    "self": 0.0,
                                    "children": {
                                        "worker_root": {
                                            "total": 8.5084341,
                                            "count": 4,
                                            "is_parallel": true,
                                            "self": 0.31915530000000025,
                                            "children": {
                                                "steps_from_proto": {
                                                    "total": 0.00044280000000007647,
                                                    "count": 1,
                                                    "is_parallel": true,
                                                    "self": 0.00030020000000163805,
                                                    "children": {
                                                        "_process_vector_observation": {
                                                            "total": 0.00014259999999843842,
                                                            "count": 2,
                                                            "is_parallel": true,
                                                            "self": 0.00014259999999843842
                                                        }
                                                    }
                                                },
                                                "UnityEnvironment.step": {
                                                    "total": 8.188836,
                                                    "count": 4,
                                                    "is_parallel": true,
                                                    "self": 0.00025080000000343716,
                                                    "children": {
                                                        "UnityEnvironment._generate_step_input": {
                                                            "total": 0.0013637000000006338,
                                                            "count": 4,
                                                            "is_parallel": true,
                                                            "self": 0.0013637000000006338
                                                        },
                                                        "communicator.exchange": {
                                                            "total": 8.185749499999996,
                                                            "count": 4,
                                                            "is_parallel": true,
                                                            "self": 8.185749499999996
                                                        },
                                                        "steps_from_proto": {
                                                            "total": 0.0014719999999996958,
                                                            "count": 4,
                                                            "is_parallel": true,
                                                            "self": 0.0010636999999977803,
                                                            "children": {
                                                                "_process_vector_observation": {
                                                                    "total": 0.00040830000000191546,
                                                                    "count": 8,
                                                                    "is_parallel": true,
                                                                    "self": 0.00040830000000191546
                                                                }
                                                            }
                                                        }
                                                    }
                                                }
                                            }
                                        }
                                    }
                                }
                            }
                        }
                    }
                },
                "TrainerController._save_models": {
                    "total": 2.5710553999999917,
                    "count": 1,
                    "self": 0.04183999999997923,
                    "children": {
                        "RLTrainer._checkpoint": {
                            "total": 2.5292154000000124,
                            "count": 1,
                            "self": 2.5292154000000124
                        }
                    }
                }
            }
        }
    }
}