{
    "name": "root",
    "metadata": {
        "timer_format_version": "0.1.0",
        "start_time_seconds": "1618461134",
        "python_version": "3.8.5 (default, Sep  3 2020, 21:29:08) [MSC v.1916 64 bit (AMD64)]",
        "command_line_arguments": "C:\\Users\\capstone\\.conda\\envs\\ml-agents-node\\Scripts\\mlagents-learn ./trainer_config.yaml --run-id node_010 --resume",
        "mlagents_version": "0.23.0",
        "mlagents_envs_version": "0.23.0",
        "communication_protocol_version": "1.3.0",
        "pytorch_version": "1.7.1",
        "numpy_version": "1.19.2",
        "end_time_seconds": "1618461157"
    },
    "total": 23.1152938,
    "count": 1,
    "self": 0.005594000000002097,
    "children": {
        "run_training.setup": {
            "total": 0.006025999999999976,
            "count": 1,
            "self": 0.006025999999999976
        },
        "TrainerController.start_learning": {
            "total": 23.1036738,
            "count": 1,
            "self": 1.0075278999999817,
            "children": {
                "TrainerController._reset_env": {
                    "total": 4.2095129,
                    "count": 1,
                    "self": 4.2095129
                },
                "TrainerController.advance": {
                    "total": 15.235368900000017,
                    "count": 308,
                    "self": 0.003385300000028124,
                    "children": {
                        "env_step": {
                            "total": 15.231983599999989,
                            "count": 308,
                            "self": 5.288318099999962,
                            "children": {
                                "SubprocessEnvManager._take_step": {
                                    "total": 9.939931399999999,
                                    "count": 308,
                                    "self": 0.01698410000001438,
                                    "children": {
                                        "TorchPolicy.evaluate": {
                                            "total": 9.922947299999985,
                                            "count": 304,
                                            "self": 0.25341579999996533,
                                            "children": {
                                                "TorchPolicy.sample_actions": {
                                                    "total": 9.66953150000002,
                                                    "count": 304,
                                                    "self": 9.66953150000002
                                                }
                                            }
                                        }
                                    }
                                },
                                "workers": {
                                    "total": 0.003734100000026608,
                                    "count": 307,
                                    "self": 0.0,
                                    "children": {
                                        "worker_root": {
                                            "total": 15.38126419999998,
                                            "count": 307,
                                            "is_parallel": true,
                                            "self": 10.63422089999997,
                                            "children": {
                                                "steps_from_proto": {
                                                    "total": 0.0005012999999998158,
                                                    "count": 1,
                                                    "is_parallel": true,
                                                    "self": 0.00029169999999911767,
                                                    "children": {
                                                        "_process_vector_observation": {
                                                            "total": 0.00020960000000069812,
                                                            "count": 2,
                                                            "is_parallel": true,
                                                            "self": 0.00020960000000069812
                                                        }
                                                    }
                                                },
                                                "UnityEnvironment.step": {
                                                    "total": 4.7465420000000105,
                                                    "count": 307,
                                                    "is_parallel": true,
                                                    "self": 0.0306574999999647,
                                                    "children": {
                                                        "UnityEnvironment._generate_step_input": {
                                                            "total": 0.09083759999999685,
                                                            "count": 307,
                                                            "is_parallel": true,
                                                            "self": 0.09083759999999685
                                                        },
                                                        "communicator.exchange": {
                                                            "total": 4.4744117,
                                                            "count": 307,
                                                            "is_parallel": true,
                                                            "self": 4.4744117
                                                        },
                                                        "steps_from_proto": {
                                                            "total": 0.15063520000004882,
                                                            "count": 614,
                                                            "is_parallel": true,
                                                            "self": 0.11034210000007771,
                                                            "children": {
                                                                "_process_vector_observation": {
                                                                    "total": 0.040293099999971105,
                                                                    "count": 1228,
                                                                    "is_parallel": true,
                                                                    "self": 0.040293099999971105
                                                                }
                                                            }
                                                        }
                                                    }
                                                }
                                            }
                                        }
                                    }
                                }
                            }
                        }
                    }
                },
                "trainer_threads": {
                    "total": 2.250000000003638e-05,
                    "count": 1,
                    "self": 2.250000000003638e-05,
                    "children": {
                        "thread_root": {
                            "total": 0.0,
                            "count": 0,
                            "is_parallel": true,
                            "self": 0.0,
                            "children": {
                                "trainer_advance": {
                                    "total": 6.611625699999999,
                                    "count": 870,