{
    "name": "root",
    "metadata": {
        "timer_format_version": "0.1.0",
        "start_time_seconds": "1618494614",
        "python_version": "3.8.5 (default, Sep  3 2020, 21:29:08) [MSC v.1916 64 bit (AMD64)]",
        "command_line_arguments": "C:\\Users\\capstone\\.conda\\envs\\ml-agents-node\\Scripts\\mlagents-learn ./trainer_config.yaml --run-id node_010 --resume",
        "mlagents_version": "0.23.0",
        "mlagents_envs_version": "0.23.0",
        "communication_protocol_version": "1.3.0",
        "pytorch_version": "1.7.1",
        "numpy_version": "1.19.2",
        "end_time_seconds": "1618494747"
    },
    "total": 133.6551803,
    "count": 1,
    "self": 0.015204900000014732,
    "children": {
        "run_training.setup": {
            "total": 0.009526900000000005,
            "count": 1,
            "self": 0.009526900000000005
        },
        "TrainerController.start_learning": {
            "total": 133.6304485,
            "count": 1,
            "self": 1.072903999999653,
            "children": {
                "TrainerController._reset_env": {
                    "total": 6.323012599999999,
                    "count": 1,
                    "self": 6.323012599999999
                },
                "TrainerController.advance": {
                    "total": 123.46515450000035,
                    "count": 3034,
                    "self": 0.03578710000067531,
                    "children": {
                        "env_step": {
                            "total": 123.42936739999968,
                            "count": 3034,
                            "self": 46.46271409999994,
                            "children": {
                                "SubprocessEnvManager._take_step": {
                                    "total": 76.92829459999969,
                                    "count": 3034,
                                    "self": 0.16140399999925137,
                                    "children": {
                                        "TorchPolicy.evaluate": {
                                            "total": 76.76689060000044,
                                            "count": 3003,
                                            "self": 1.9846184000000022,
                                            "children": {
                                                "TorchPolicy.sample_actions": {
                                                    "total": 74.78227220000043,
                                                    "count": 3003,
                                                    "self": 74.78227220000043
                                                }
                                            }
                                        }
                                    }
                                },
                                "workers": {
                                    "total": 0.03835870000005315,
                                    "count": 3033,
                                    "self": 0.0,
                                    "children": {
                                        "worker_root": {
                                            "total": 123.66181489999954,
                                            "count": 3033,
                                            "is_parallel": true,
                                            "self": 81.00936639999985,
                                            "children": {
                                                "steps_from_proto": {
                                                    "total": 0.006266799999999684,
                                                    "count": 1,
                                                    "is_parallel": true,
                                                    "self": 0.0022284000000007964,
                                                    "children": {
                                                        "_process_vector_observation": {
                                                            "total": 0.004038399999998887,
                                                            "count": 2,
                                                            "is_parallel": true,
                                                            "self": 0.004038399999998887
                                                        }
                                                    }
                                                },
                                                "UnityEnvironment.step": {
                                                    "total": 42.646181699999694,
                                                    "count": 3033,
                                                    "is_parallel": true,
                                                    "self": 0.28810469999982047,
                                                    "children": {
                                                        "UnityEnvironment._generate_step_input": {
                                                            "total": 0.8957566999999935,
                                                            "count": 3033,
                                                            "is_parallel": true,
                                                            "self": 0.8957566999999935
                                                        },
                                                        "communicator.exchange": {
                                                            "total": 40.02178879999953,
                                                            "count": 3033,
                                                            "is_parallel": true,
                                                            "self": 40.02178879999953
                                                        },
                                                        "steps_from_proto": {
                                                            "total": 1.4405315000003514,
                                                            "count": 6066,
                                                            "is_parallel": true,
                                                            "self": 1.0549900000005037,
                                                            "children": {
                                                                "_process_vector_observation": {
                                                                    "total": 0.38554149999984766,
                                                                    "count": 12132,
                                                                    "is_parallel": true,
                                                                    "self": 0.38554149999984766
                                                                }
                                                            }
                                                        }
                                                    }
                                                }
                                            }
                                        }
                                    }
                                }
                            }
                        }
                    }
                },
                "trainer_threads": {
                    "total": 2.380000000812288e-05,
                    "count": 1,
                    "self": 2.380000000812288e-05,
                    "children": {
                        "thread_root": {
                            "total": 0.0,
                            "count": 0,
                            "is_parallel": true,
                            "self": 0.0,
                            "children": {
                                "trainer_advance": {
                                    "total": 58.902111600000005,