{
    "name": "root",
    "metadata": {
        "timer_format_version": "0.1.0",
        "start_time_seconds": "1616534703",
        "python_version": "3.8.5 (default, Sep  3 2020, 21:29:08) [MSC v.1916 64 bit (AMD64)]",
        "command_line_arguments": "C:\\Users\\capstone\\.conda\\envs\\ml-agents-node\\Scripts\\mlagents-learn ./trainer_config.yaml --run-id node_006 --resume",
        "mlagents_version": "0.23.0",
        "mlagents_envs_version": "0.23.0",
        "communication_protocol_version": "1.3.0",
        "pytorch_version": "1.7.1",
        "numpy_version": "1.19.2",
        "end_time_seconds": "1616534720"
    },
    "total": 17.233738900000002,
    "count": 1,
    "self": 0.007364300000002544,
    "children": {
        "run_training.setup": {
            "total": 0.005991199999999974,
            "count": 1,
            "self": 0.005991199999999974
        },
        "TrainerController.start_learning": {
            "total": 17.2203834,
            "count": 1,
            "self": 1.001714799999995,
            "children": {
                "TrainerController._reset_env": {
                    "total": 9.5071531,
                    "count": 1,
                    "self": 9.5071531
                },
                "TrainerController.advance": {
                    "total": 4.227122600000003,
                    "count": 59,
                    "self": 0.0006374999999980702,
                    "children": {
                        "env_step": {
                            "total": 4.226485100000005,
                            "count": 59,
                            "self": 2.5682154000000104,
                            "children": {
                                "SubprocessEnvManager._take_step": {
                                    "total": 1.657592200000007,
                                    "count": 59,
                                    "self": 0.0028427000000075253,
                                    "children": {
                                        "TorchPolicy.evaluate": {
                                            "total": 1.6547494999999994,
                                            "count": 54,
                                            "self": 0.03923900000000735,
                                            "children": {
                                                "TorchPolicy.sample_actions": {
                                                    "total": 1.615510499999992,
                                                    "count": 54,
                                                    "self": 1.615510499999992
                                                }
                                            }
                                        }
                                    }
                                },
                                "workers": {
                                    "total": 0.0006774999999876741,
                                    "count": 58,
                                    "self": 0.0,
                                    "children": {
                                        "worker_root": {
                                            "total": 3.117985199999996,
                                            "count": 58,
                                            "is_parallel": true,
                                            "self": 1.8422613000000077,
                                            "children": {
                                                "steps_from_proto": {
                                                    "total": 0.0004139999999992483,
                                                    "count": 1,
                                                    "is_parallel": true,
                                                    "self": 0.00027069999999973504,
                                                    "children": {
                                                        "_process_vector_observation": {
                                                            "total": 0.00014329999999951326,
                                                            "count": 2,
                                                            "is_parallel": true,
                                                            "self": 0.00014329999999951326
                                                        }
                                                    }
                                                },
                                                "UnityEnvironment.step": {
                                                    "total": 1.2753098999999892,
                                                    "count": 58,
                                                    "is_parallel": true,
                                                    "self": 0.004259799999980274,
                                                    "children": {
                                                        "UnityEnvironment._generate_step_input": {
                                                            "total": 0.015736399999997985,
                                                            "count": 58,
                                                            "is_parallel": true,
                                                            "self": 0.015736399999997985
                                                        },
                                                        "communicator.exchange": {
                                                            "total": 1.2290471000000078,
                                                            "count": 58,
                                                            "is_parallel": true,
                                                            "self": 1.2290471000000078
                                                        },
                                                        "steps_from_proto": {
                                                            "total": 0.026266600000003137,
                                                            "count": 58,
                                                            "is_parallel": true,
                                                            "self": 0.0188763000000165,
                                                            "children": {
                                                                "_process_vector_observation": {
                                                                    "total": 0.007390299999986638,
                                                                    "count": 116,
                                                                    "is_parallel": true,
                                                                    "self": 0.007390299999986638
                                                                }
                                                            }
                                                        }
                                                    }
                                                }
                                            }
                                        }
                                    }
                                }
                            }
                        }
                    }
                },
                "trainer_threads": {
                    "total": 2.5600000000736145e-05,
                    "count": 1,
                    "self": 2.5600000000736145e-05,
                    "children": {
                        "thread_root": {
                            "total": 0.0,
                            "count": 0,
                            "is_parallel": true,
                            "self": 0.0,
                            "children": {
                                "trainer_advance": {
                                    "total": 4.050392899999997,